,epoch,loss,epoch_time
0,1.0,2.0,3.0
1,0.0,4.733847688511861,449.03418231010437
