,epoch,loss,epoch_time
0,1.0,2.0,3.0
1,0.0,2.3895006829880083,251.86499881744385
